<linker>
  <assembly fullname="Assembly-CSharp, Version=0.0.0.0, Culture=neutral, PublicKeyToken=null">
    <type fullname="BasicRigidBodyPush" preserve="all" />
    <type fullname="Coin" preserve="all" />
    <type fullname="CustomCanvas" preserve="all" />
    <type fullname="MobileDisableAutoSwitchControls" preserve="all" />
    <type fullname="PersistantManager" preserve="all" />
    <type fullname="RemoteConfig" preserve="all" />
    <type fullname="StarterAssets.StarterAssetsInputs" preserve="all" />
    <type fullname="StarterAssets.ThirdPersonController" preserve="all" />
    <type fullname="StarterAssets.UICanvasControllerInput" preserve="all" />
    <type fullname="StartMenuPlayerAnimation" preserve="all" />
    <type fullname="UIVirtualButton" preserve="all" />
    <type fullname="UIVirtualJoystick" preserve="all" />
    <type fullname="UIVirtualButton/BoolEvent" preserve="nothing" serialized="true" />
    <type fullname="UIVirtualButton/Event" preserve="nothing" serialized="true" />
    <type fullname="UIVirtualJoystick/Event" preserve="nothing" serialized="true" />
  </assembly>
  <assembly fullname="Cinemachine, Version=0.0.0.0, Culture=neutral, PublicKeyToken=null">
    <type fullname="Cinemachine.Cinemachine3rdPersonFollow" preserve="all" />
    <type fullname="Cinemachine.CinemachineBasicMultiChannelPerlin" preserve="all" />
    <type fullname="Cinemachine.CinemachineBrain" preserve="all" />
    <type fullname="Cinemachine.CinemachinePipeline" preserve="all" />
    <type fullname="Cinemachine.CinemachineVirtualCamera" preserve="all" />
    <type fullname="Cinemachine.NoiseSettings" preserve="all" />
    <type fullname="Cinemachine.CinemachineBlendDefinition" preserve="nothing" serialized="true" />
    <type fullname="Cinemachine.CinemachineBrain/BrainEvent" preserve="nothing" serialized="true" />
    <type fullname="Cinemachine.CinemachineBrain/VcamActivatedEvent" preserve="nothing" serialized="true" />
    <type fullname="Cinemachine.CinemachineVirtualCameraBase/TransitionParams" preserve="nothing" serialized="true" />
    <type fullname="Cinemachine.LensSettings" preserve="nothing" serialized="true" />
    <type fullname="Cinemachine.NoiseSettings/NoiseParams" preserve="nothing" serialized="true" />
    <type fullname="Cinemachine.NoiseSettings/TransformNoiseParams" preserve="nothing" serialized="true" />
  </assembly>
  <assembly fullname="Unity.Addressables, Version=0.0.0.0, Culture=neutral, PublicKeyToken=null" preserve="all">
    <type fullname="UnityEngine.AddressableAssets.Addressables" preserve="all" />
    <type fullname="UnityEngine.AddressableAssets.AssetReference" preserve="nothing" serialized="true" />
  </assembly>
  <assembly fullname="Unity.InputSystem, Version=1.6.3.0, Culture=neutral, PublicKeyToken=null">
    <type fullname="UnityEngine.InputSystem.InputActionAsset" preserve="all" />
    <type fullname="UnityEngine.InputSystem.InputActionReference" preserve="all" />
    <type fullname="UnityEngine.InputSystem.PlayerInput" preserve="all" />
    <type fullname="UnityEngine.InputSystem.UI.InputSystemUIInputModule" preserve="all" />
    <type fullname="UnityEngine.InputSystem.InputAction" preserve="nothing" serialized="true" />
    <type fullname="UnityEngine.InputSystem.InputActionMap" preserve="nothing" serialized="true" />
    <type fullname="UnityEngine.InputSystem.InputBinding" preserve="nothing" serialized="true" />
    <type fullname="UnityEngine.InputSystem.InputControlScheme" preserve="nothing" serialized="true" />
    <type fullname="UnityEngine.InputSystem.InputControlScheme/DeviceRequirement" preserve="nothing" serialized="true" />
    <type fullname="UnityEngine.InputSystem.PlayerInput/ActionEvent" preserve="nothing" serialized="true" />
    <type fullname="UnityEngine.InputSystem.PlayerInput/ControlsChangedEvent" preserve="nothing" serialized="true" />
    <type fullname="UnityEngine.InputSystem.PlayerInput/DeviceLostEvent" preserve="nothing" serialized="true" />
    <type fullname="UnityEngine.InputSystem.PlayerInput/DeviceRegainedEvent" preserve="nothing" serialized="true" />
  </assembly>
  <assembly fullname="Unity.RenderPipelines.Universal.Runtime, Version=0.0.0.0, Culture=neutral, PublicKeyToken=null">
    <type fullname="UnityEngine.Rendering.Universal.UniversalAdditionalCameraData" preserve="all" />
    <type fullname="UnityEngine.Rendering.Universal.UniversalAdditionalLightData" preserve="all" />
    <type fullname="UnityEngine.Rendering.Universal.TemporalAA/Settings" preserve="nothing" serialized="true" />
  </assembly>
  <assembly fullname="Unity.ResourceManager, Version=0.0.0.0, Culture=neutral, PublicKeyToken=null" preserve="all">
    <type fullname="UnityEngine.ResourceManagement.ResourceProviders.AssetBundleProvider" preserve="all" />
    <type fullname="UnityEngine.ResourceManagement.ResourceProviders.BundledAssetProvider" preserve="all" />
    <type fullname="UnityEngine.ResourceManagement.ResourceProviders.InstanceProvider" preserve="all" />
    <type fullname="UnityEngine.ResourceManagement.ResourceProviders.LegacyResourcesProvider" preserve="all" />
    <type fullname="UnityEngine.ResourceManagement.ResourceProviders.SceneProvider" preserve="all" />
  </assembly>
  <assembly fullname="Unity.TextMeshPro, Version=0.0.0.0, Culture=neutral, PublicKeyToken=null">
    <type fullname="TMPro.TextMeshProUGUI" preserve="all" />
    <type fullname="TMPro.TMP_FontAsset" preserve="all" />
    <type fullname="TMPro.FaceInfo_Legacy" preserve="nothing" serialized="true" />
    <type fullname="TMPro.FontAssetCreationSettings" preserve="nothing" serialized="true" />
    <type fullname="TMPro.KerningTable" preserve="nothing" serialized="true" />
    <type fullname="TMPro.TMP_Character" preserve="nothing" serialized="true" />
    <type fullname="TMPro.TMP_FontFeatureTable" preserve="nothing" serialized="true" />
    <type fullname="TMPro.TMP_FontWeightPair" preserve="nothing" serialized="true" />
    <type fullname="TMPro.TMP_GlyphAdjustmentRecord" preserve="nothing" serialized="true" />
    <type fullname="TMPro.TMP_GlyphPairAdjustmentRecord" preserve="nothing" serialized="true" />
    <type fullname="TMPro.TMP_GlyphValueRecord" preserve="nothing" serialized="true" />
    <type fullname="TMPro.VertexGradient" preserve="nothing" serialized="true" />
  </assembly>
  <assembly fullname="UnityEngine.AnimationModule, Version=0.0.0.0, Culture=neutral, PublicKeyToken=null">
    <type fullname="UnityEngine.AnimationClip" preserve="all" />
    <type fullname="UnityEngine.Animator" preserve="all" />
    <type fullname="UnityEngine.Avatar" preserve="all" />
    <type fullname="UnityEngine.RuntimeAnimatorController" preserve="all" />
  </assembly>
  <assembly fullname="UnityEngine.AudioModule, Version=0.0.0.0, Culture=neutral, PublicKeyToken=null">
    <type fullname="UnityEngine.AudioClip" preserve="all" />
    <type fullname="UnityEngine.AudioListener" preserve="all" />
  </assembly>
  <assembly fullname="UnityEngine.CoreModule, Version=0.0.0.0, Culture=neutral, PublicKeyToken=null">
    <type fullname="UnityEngine.Camera" preserve="all" />
    <type fullname="UnityEngine.Cubemap" preserve="all" />
    <type fullname="UnityEngine.GameObject" preserve="all" />
    <type fullname="UnityEngine.Light" preserve="all" />
    <type fullname="UnityEngine.LightingSettings" preserve="all" />
    <type fullname="UnityEngine.LightmapSettings" preserve="all" />
    <type fullname="UnityEngine.LightProbeGroup" preserve="all" />
    <type fullname="UnityEngine.LightProbes" preserve="all" />
    <type fullname="UnityEngine.Material" preserve="all" />
    <type fullname="UnityEngine.Mesh" preserve="all" />
    <type fullname="UnityEngine.MeshFilter" preserve="all" />
    <type fullname="UnityEngine.MeshRenderer" preserve="all" />
    <type fullname="UnityEngine.Object" preserve="all" />
    <type fullname="UnityEngine.RectTransform" preserve="all" />
    <type fullname="UnityEngine.ReflectionProbe" preserve="all" />
    <type fullname="UnityEngine.RenderSettings" preserve="all" />
    <type fullname="UnityEngine.Shader" preserve="all" />
    <type fullname="UnityEngine.SkinnedMeshRenderer" preserve="all" />
    <type fullname="UnityEngine.Sprite" preserve="all" />
    <type fullname="UnityEngine.SpriteRenderer" preserve="all" />
    <type fullname="UnityEngine.Texture2D" preserve="all" />
    <type fullname="UnityEngine.Transform" preserve="all" />
    <type fullname="UnityEngine.Events.ArgumentCache" preserve="nothing" serialized="true" />
    <type fullname="UnityEngine.Events.PersistentCallGroup" preserve="nothing" serialized="true" />
    <type fullname="UnityEngine.Events.PersistentListenerMode" preserve="nothing" serialized="true" />
  </assembly>
  <assembly fullname="UnityEngine.PhysicsModule, Version=0.0.0.0, Culture=neutral, PublicKeyToken=null">
    <type fullname="UnityEngine.BoxCollider" preserve="all" />
    <type fullname="UnityEngine.CapsuleCollider" preserve="all" />
    <type fullname="UnityEngine.CharacterController" preserve="all" />
    <type fullname="UnityEngine.MeshCollider" preserve="all" />
    <type fullname="UnityEngine.SphereCollider" preserve="all" />
  </assembly>
  <assembly fullname="UnityEngine.TextRenderingModule, Version=0.0.0.0, Culture=neutral, PublicKeyToken=null">
    <type fullname="UnityEngine.Font" preserve="all" />
  </assembly>
  <assembly fullname="UnityEngine.UI, Version=1.0.0.0, Culture=neutral, PublicKeyToken=null">
    <type fullname="UnityEngine.EventSystems.EventSystem" preserve="all" />
    <type fullname="UnityEngine.UI.Button" preserve="all" />
    <type fullname="UnityEngine.UI.CanvasScaler" preserve="all" />
    <type fullname="UnityEngine.UI.GraphicRaycaster" preserve="all" />
    <type fullname="UnityEngine.UI.Image" preserve="all" />
    <type fullname="UnityEngine.UI.Slider" preserve="all" />
    <type fullname="UnityEngine.UI.AnimationTriggers" preserve="nothing" serialized="true" />
    <type fullname="UnityEngine.UI.Button/ButtonClickedEvent" preserve="nothing" serialized="true" />
    <type fullname="UnityEngine.UI.ColorBlock" preserve="nothing" serialized="true" />
    <type fullname="UnityEngine.UI.MaskableGraphic/CullStateChangedEvent" preserve="nothing" serialized="true" />
    <type fullname="UnityEngine.UI.Navigation" preserve="nothing" serialized="true" />
    <type fullname="UnityEngine.UI.SpriteState" preserve="nothing" serialized="true" />
    <type fullname="UnityEngine.UI.Slider/SliderEvent" preserve="nothing" serialized="true" />
  </assembly>
  <assembly fullname="UnityEngine.UIModule, Version=0.0.0.0, Culture=neutral, PublicKeyToken=null">
    <type fullname="UnityEngine.Canvas" preserve="all" />
    <type fullname="UnityEngine.CanvasRenderer" preserve="all" />
  </assembly>
  <assembly fullname="UnityEngine.TextCoreFontEngineModule">
    <type fullname="UnityEngine.TextCore.FaceInfo" preserve="nothing" serialized="true" />
    <type fullname="UnityEngine.TextCore.Glyph" preserve="nothing" serialized="true" />
    <type fullname="UnityEngine.TextCore.GlyphMetrics" preserve="nothing" serialized="true" />
    <type fullname="UnityEngine.TextCore.GlyphRect" preserve="nothing" serialized="true" />
  </assembly>
</linker>