{"Keys":["com.unity.services.core.version","com.unity.services.core.initializer-assembly-qualified-names","com.unity.remote-config-runtime.version","com.unity.remote-config-runtime.initializer-assembly-qualified-names","com.unity.services.authentication.version","com.unity.services.authentication.initializer-assembly-qualified-names","com.unity.services.core.all-package-names","com.unity.services.core.environment-name"],"Values":[{"m_Value":"1.11.0","m_IsReadOnly":true},{"m_Value":"Unity.Services.Core.Registration.CorePackageInitializer, Unity.Services.Core.Registration, Version=0.0.0.0, Culture=neutral, PublicKeyToken=null","m_IsReadOnly":true},{"m_Value":"3.1.3","m_IsReadOnly":true},{"m_Value":"Unity.Services.RemoteConfig.CorePackageInitializer, Unity.Services.RemoteConfig, Version=0.0.0.0, Culture=neutral, PublicKeyToken=null","m_IsReadOnly":true},{"m_Value":"3.0.0","m_IsReadOnly":true},{"m_Value":"Unity.Services.Authentication.AuthenticationPackageInitializer, Unity.Services.Authentication, Version=0.0.0.0, Culture=neutral, PublicKeyToken=null","m_IsReadOnly":true},{"m_Value":"com.unity.services.core;com.unity.remote-config-runtime;com.unity.services.authentication","m_IsReadOnly":false},{"m_Value":"production","m_IsReadOnly":false}]}